Jim, Bahrain, Jim@gmail.com, 0148273884, M, 21/05/81

Andy, Tunisia, Nardog@gmail.com, 0174926485, M, 13/02/42 

Vassant, Malaysia, Vassant@gmail.com, 0174639472, M, 29/12/01

Oscar, Australia, Oscar@gmail.com, 0172938472, M, 30/08/69

Dwight, Isle of Man, Dwight@gmail.com, 0163948339, M, 13/06/91

Angela, Angola, Angela@gmail.com, 0148274993, M, 10/04/73

Kevin, Kenya, Kevin@gmail.com, 0173846723, M, 15/07/99

Kelly, Scranton, Kelly@gmail.com, 0173984725, F, 07/07/97

Roshen, Indonesia, roshen@gmail.com, 0172837485, M, 18/8/01
Devi, segamat, kaladevi@gmil.com, 0188742284, f, 21/11/61
v, ffsf, fsfsfsf, fsfsfsfs, sfsfsf, fsfsfs